time,region,pop,idp_pop,p2count,p2perc,p3count,p3perc,p4count,p4perc,p5count,p5perc
2015.495890410959,Mudug,717863,70882,109458,0.15247756187461953,48083,0.0669807470227606,324,0.00045133960101022063,0,0.0
2015.495890410959,Togdheer,721364,25760,479365,0.6645258149838362,30185,0.04184433933492661,5043,0.006990922751897793,0,0.0
2015.495890410959,Gedo,508404,76728,171063,0.3364706021195742,5351,0.01052509421641057,1921,0.003778491121234294,0,0.0
2015.495890410959,Woqooyi Galbeed,1242003,44590,74052,0.05962304438878167,62882,0.050629507336133646,4154,0.0033445973963025853,0,0.0
2015.495890410959,Middle Juba,362922,27000,124671,0.3435200952270736,2916,0.008034784333823796,0,0.0,0,0.0
2015.495890410959,Banadir,1650228,369289,1090022,0.6605281209626791,347639,0.21066119348356713,44937,0.027230782655487604,0,0.0
2015.495890410959,Hiraan,520684,51160,188640,0.3622926765562222,15000,0.028808259904279754,5000,0.009602753301426585,0,0.0
2015.495890410959,Lower Shabelle,1202222,102970,349418,0.2906434918010151,9930,0.008259705778134155,0,0.0,0,0.0
2015.495890410959,Bari,730148,59646,255350,0.349723617677512,59475,0.08145608835468973,6450,0.0088338254710004,0,0.0
2015.495890410959,Bay,792182,39820,113792,0.14364375863122364,14676,0.018526045782408587,2708,0.003418406376312514,0,0.0
2015.495890410959,Sool,327427,4820,144732,0.44202829943773725,6291,0.01921344299645417,1258,0.0038420777761149815,0,0.0
2015.495890410959,Nugaal,392697,9495,99283,0.25282342365742544,5122,0.013043135037955471,1485,0.0037815414938234823,0,0.0
2015.495890410959,Galgaduud,569434,119768,183544,0.32232708268210186,34618,0.060793700411285595,2690,0.0047239890838973436,0,0.0
2015.495890410959,Bakool,367227,24000,67578,0.18402241665237032,31261,0.08512718291411035,0,0.0,0,0.0
2015.495890410959,Sanaag,544123,910,82656,0.15190682988956541,554,0.0010181521457464581,0,0.0,0,0.0
2015.495890410959,Lower Juba,489307,30600,188686,0.3856188446108476,31415,0.06420304634922451,2640,0.005395385718986239,0,0.0
2015.495890410959,Middle Shabelle,516036,51960,172525,0.3343274500228666,5356,0.010379120836530784,0,0.0,0,0.0
2015.495890410959,Awdal,673264,7990,66325,0.09851261912117683,35787,0.05315448323391716,0,0.0,0,0.0
2015.7479452054795,Mudug,717863,70882,103778,0.14456518862234158,47292,0.06587886546597331,324,0.00045133960101022063,0,0.0
2015.7479452054795,Lower Shabelle,1202222,102970,337676,0.28087657687182566,40235,0.033467196574343175,0,0.0,0,0.0
2015.7479452054795,Awdal,673264,7990,84147,0.12498366168397539,69209,0.10279622852254093,0,0.0,0,0.0
2015.7479452054795,Middle Shabelle,516035,51960,170245,0.32990979294040135,16066,0.03113354714312014,0,0.0,0,0.0
2015.7479452054795,Sanaag,544123,910,60673,0.11150603815681381,23046,0.04235439413514959,0,0.0,0,0.0
2015.7479452054795,Bakool,367227,24000,71717,0.19529337439785202,31261,0.08512718291411035,0,0.0,0,0.0
2015.7479452054795,Galgaduud,569434,119768,167098,0.2934457724688024,36077,0.06335589374712433,2690,0.0047239890838973436,0,0.0
2015.7479452054795,Nugaal,392697,9495,99283,0.25282342365742544,5122,0.013043135037955471,1485,0.0037815414938234823,0,0.0
2015.7479452054795,Sool,327427,4820,144732,0.44202829943773725,6291,0.01921344299645417,1258,0.0038420777761149815,0,0.0
2015.7479452054795,Lower Juba,489307,30600,186652,0.3814619451591741,40105,0.08196285767422089,2640,0.005395385718986239,0,0.0
2015.7479452054795,Bari,730148,59646,233403,0.3196653281252568,81421,0.11151300832160055,6450,0.0088338254710004,0,0.0
2015.7479452054795,Hiraan,520684,51160,153831,0.2954402286223506,19526,0.0375006721927311,5000,0.009602753301426585,0,0.0
2015.7479452054795,Banadir,1650228,369289,1090022,0.6605281209626791,347639,0.21066119348356713,44937,0.027230782655487604,0,0.0
2015.7479452054795,Middle Juba,362922,27000,117747,0.32444161555375534,19182,0.052854332335873826,0,0.0,0,0.0
2015.7479452054795,Woqooyi Galbeed,1242003,44590,88002,0.07085490131666349,97313,0.0783516625966282,4154,0.0033445973963025853,0,0.0
2015.7479452054795,Gedo,508403,76728,139421,0.2742332362318869,10278,0.020216245773530053,1921,0.003778498553313021,0,0.0
2015.7479452054795,Togdheer,721364,25760,479365,0.6645258149838362,30185,0.04184433933492661,5043,0.006990922751897793,0,0.0
2015.7479452054795,Bay,792182,39820,165193,0.20852910063596497,14676,0.018526045782408587,2708,0.003418406376312514,0,0.0
2016.0,Middle Shabelle,516036,51960,113687,0.2203082730662202,0,0.0,0,0.0,0,0.0
2016.0,Mudug,717863,70882,122752,0.17099641575063765,39736,0.0553531802029078,926,0.0012899397238748899,0,0.0
2016.0,Togdheer,721364,25760,479880,0.6652397402698221,30082,0.04170155427772941,4837,0.006705352637503396,0,0.0
2016.0,Gedo,508404,76728,121934,0.2398368226843219,4356,0.008567989236906083,3345,0.00657941322255529,0,0.0
2016.0,Woqooyi Galbeed,1242003,44590,87435,0.0703983806802399,98185,0.07905375429850009,4019,0.0032359020066779227,0,0.0
2016.0,Middle Juba,362922,27000,106961,0.2947217308402356,0,0.0,0,0.0,0,0.0
2016.0,Banadir,1650228,369289,1063179,0.6442618838124187,365596,0.22154272015745702,0,0.0,0,0.0
2016.0,Hiraan,520684,51160,128585,0.2469540066527875,35929,0.06900346467339115,0,0.0,0,0.0
2016.0,Sool,327427,4820,168663,0.5151163465444206,6291,0.01921344299645417,1258,0.0038420777761149815,0,0.0
2016.0,Lower Juba,489307,30600,164698,0.33659440800969537,26067,0.053273302854853904,3154,0.006445850968819167,0,0.0
2016.0,Bay,792182,39820,44980,0.056779881390892496,18106,0.02285585888091373,2687,0.003391897316525748,0,0.0
2016.0,Nugaal,392697,9495,123363,0.3141429651868998,10755,0.02738752778860037,0,0.0,0,0.0
2016.0,Galgaduud,569434,119768,165477,0.2905990861100672,37173,0.06528061197610259,1062,0.0018650098167654198,0,0.0
2016.0,Bakool,367227,24000,28603,0.07788915303068675,22172,0.060376824144194194,0,0.0,0,0.0
2016.0,Sanaag,544123,910,121607,0.2234917472703782,38279,0.07034990250366185,0,0.0,0,0.0
2016.0,Bari,730148,59646,248425,0.3402392391679495,77527,0.10617984299073613,958,0.001312062759878819,0,0.0
2016.0,Awdal,673264,7990,92137,0.1368512203236769,69209,0.10279622852254093,0,0.0,0,0.0
2016.0,Lower Shabelle,1202222,102970,247224,0.20563922470225965,9930,0.008259705778134155,0,0.0,0,0.0
2016.2486338797814,Bari,730148,59646,242877,0.33264077967754485,82364,0.11280452730131425,958,0.001312062759878819,0,0.0
2016.2486338797814,Mudug,717863,70882,121831,0.1697134411440623,39736,0.0553531802029078,926,0.0012899397238748899,0,0.0
2016.2486338797814,Lower Shabelle,1202222,102970,247224,0.20563922470225965,9930,0.008259705778134155,0,0.0,0,0.0
2016.2486338797814,Gedo,508404,76728,128096,0.25195710497950446,4356,0.008567989236906083,3345,0.00657941322255529,0,0.0
2016.2486338797814,Woqooyi Galbeed,1242003,44590,97898,0.07882267595166839,98185,0.07905375429850009,4019,0.0032359020066779227,0,0.0
2016.2486338797814,Middle Juba,362922,27000,104738,0.28859644772154897,0,0.0,0,0.0,0,0.0
2016.2486338797814,Banadir,1650228,369289,1063179,0.6442618838124187,365596,0.22154272015745702,0,0.0,0,0.0
2016.2486338797814,Hiraan,520684,51160,128585,0.2469540066527875,35929,0.06900346467339115,0,0.0,0,0.0
2016.2486338797814,Lower Juba,489307,30600,172555,0.3526518116438146,21184,0.0432938829814411,3154,0.006445850968819167,0,0.0
2016.2486338797814,Togdheer,721364,25760,483283,0.6699571922080947,30082,0.04170155427772941,4837,0.006705352637503396,0,0.0
2016.2486338797814,Sool,327427,4820,156784,0.47883650401463534,18257,0.055758993607735466,1258,0.0038420777761149815,0,0.0
2016.2486338797814,Nugaal,392697,9495,112602,0.28674015844276884,19493,0.04963878002633074,0,0.0,0,0.0
2016.2486338797814,Galgaduud,569434,119768,165477,0.2905990861100672,37173,0.06528061197610259,1062,0.0018650098167654198,0,0.0
2016.2486338797814,Bakool,367227,24000,62685,0.17069823297306572,22172,0.060376824144194194,0,0.0,0,0.0
2016.2486338797814,Sanaag,544123,910,104434,0.19193086857199568,56285,0.10344168506017941,0,0.0,0,0.0
2016.2486338797814,Middle Shabelle,516036,51960,113687,0.2203082730662202,0,0.0,0,0.0,0,0.0
2016.2486338797814,Awdal,673264,7990,102553,0.15232212029753558,69209,0.10279622852254093,0,0.0,0,0.0
2016.2486338797814,Bay,792182,39820,117019,0.14771731748512337,19883,0.025099030273346278,2687,0.003391897316525748,0,0.0
2016.4972677595629,Gedo,508404,76728,119423,0.2348978371531302,5756,0.011321704785957624,1556,0.003060558138802999,0,0.0
2016.4972677595629,Woqooyi Galbeed,1242003,44590,103030,0.08295471105947409,73831,0.05944510601021093,8162,0.006571642741603684,0,0.0
2016.4972677595629,Middle Juba,362922,27000,102247,0.28173271391648896,20421,0.05626828905384628,0,0.0,0,0.0
2016.4972677595629,Banadir,1650228,369289,832610,0.5045424026255766,354517,0.2148291024028195,14772,0.008951490339516721,0,0.0
2016.4972677595629,Hiraan,520684,51160,133943,0.2572443170905962,44414,0.08529933702591207,0,0.0,0,0.0
2016.4972677595629,Bari,730148,59646,367988,0.5039909716934101,55153,0.07553674049644729,106,0.0001451760465001616,0,0.0
2016.4972677595629,Lower Juba,489307,30600,126042,0.2575928813607817,31857,0.06510636471581237,590,0.001205786959924955,0,0.0
2016.4972677595629,Awdal,673264,7990,152273,0.2261713087288196,65750,0.09765857078352623,0,0.0,0,0.0
2016.4972677595629,Galgaduud,569434,119768,161432,0.28349554118651155,43761,0.07684999490722366,354,0.0006216699389218066,0,0.0
2016.4972677595629,Sool,327427,4820,124424,0.3800053141616299,11966,0.03654555061128129,0,0.0,0,0.0
2016.4972677595629,Nugaal,392697,9495,123361,0.31413787220172296,22223,0.0565907047927537,95,0.00024191679590116554,0,0.0
2016.4972677595629,Bakool,367227,24000,111331,0.30316670615178076,27921,0.07603199111176466,0,0.0,0,0.0
2016.4972677595629,Sanaag,544123,910,109420,0.2010942378837138,48227,0.08863253345291414,0,0.0,0,0.0
2016.4972677595629,Middle Shabelle,516036,51960,128748,0.24949422133339536,0,0.0,0,0.0,0,0.0
2016.4972677595629,Togdheer,721364,25760,328245,0.45503379708441233,25245,0.034996201640226016,515,0.0007139252859859932,0,0.0
2016.4972677595629,Lower Shabelle,1202222,102970,285263,0.2372798035637345,33211,0.0276246816311796,0,0.0,0,0.0
2016.4972677595629,Bay,792182,39820,150316,0.1897493252813116,39093,0.04934850829733571,1447,0.0018266004529262215,0,0.0
2016.4972677595629,Mudug,717863,70882,148961,0.20750616761136875,42991,0.059887471564908624,463,0.0006449698619374449,0,0.0
2016.7486338797814,Middle Shabelle,516036,51960,163143,0.3161465479152617,5356,0.010379120836530784,0,0.0,0,0.0
2016.7486338797814,Hiraan,520684,51160,112957,0.21693964093384854,95681,0.1837602077267594,0,0.0,0,0.0
2016.7486338797814,Bakool,367227,24000,93494,0.2545945695714095,51006,0.13889501588935455,0,0.0,0,0.0
2016.7486338797814,Lower Shabelle,1202222,102970,409550,0.3406608762774263,40370,0.033579488646855574,0,0.0,0,0.0
2016.7486338797814,Mudug,717863,70882,200794,0.2797107526087847,47037,0.06552364448369676,463,0.0006449698619374449,0,0.0
2016.7486338797814,Togdheer,721364,25760,342856,0.475288481266046,25245,0.034996201640226016,515,0.0007139252859859932,0,0.0
2016.7486338797814,Gedo,508404,76728,153603,0.3021278353435457,8725,0.017161548689624787,1556,0.003060558138802999,0,0.0
2016.7486338797814,Woqooyi Galbeed,1242003,44590,109741,0.08835807965037122,67806,0.05459407102881394,11205,0.009021717338847008,0,0.0
2016.7486338797814,Sanaag,544123,910,109743,0.20168785366543962,48458,0.08905706981693477,277,0.0005090760728732291,0,0.0
2016.7486338797814,Middle Juba,362922,27000,111563,0.30740214150699047,24029,0.06620981918979836,0,0.0,0,0.0
2016.7486338797814,Bari,730148,59646,363867,0.49834691048938023,59988,0.08215868563633674,106,0.0001451760465001616,0,0.0
2016.7486338797814,Lower Juba,489307,30600,124299,0.2540307005622237,43001,0.08788143231141185,590,0.001205786959924955,0,0.0
2016.7486338797814,Bay,792182,39820,164455,0.20759749653488718,60204,0.07599768740011766,1447,0.0018266004529262215,0,0.0
2016.7486338797814,Sool,327427,4820,127579,0.38964104976071,11966,0.03654555061128129,0,0.0,0,0.0
2016.7486338797814,Nugaal,392697,9495,124713,0.3175807301812848,30962,0.0788445035230725,95,0.00024191679590116554,0,0.0
2016.7486338797814,Galgaduud,569434,119768,177835,0.3123013378196595,48889,0.08585542837273503,354,0.0006216699389218066,0,0.0
2016.7486338797814,Banadir,1650228,369289,832610,0.5045424026255766,354517,0.2148291024028195,14772,0.008951490339516721,0,0.0
2016.7486338797814,Awdal,673264,7990,136682,0.2030139737161054,69983,0.10394585185009149,12069,0.0179261032819221,0,0.0
2017.0,Lower Shabelle,1202222,102970,328878,0.27355846091653624,65068,0.05412311536471633,0,0.0,0,0.0
2017.0,Mudug,717863,70882,122151,0.1701592086512329,184814,0.2574502377194534,463,0.0006449698619374449,0,0.0
2017.0,Sool,327427,4820,91657,0.2799310991457638,61980,0.18929410219682555,11966,0.03654555061128129,0,0.0
2017.0,Middle Shabelle,516036,51960,132860,0.25746265764404036,23129,0.044820516398080754,0,0.0,0,0.0
2017.0,Sanaag,544123,910,91617,0.16837553273800226,107854,0.19821621214321028,18005,0.033089944736759885,0,0.0
2017.0,Bakool,367227,24000,71611,0.19500472459813684,128863,0.35090829378014143,0,0.0,0,0.0
2017.0,Galgaduud,569434,119768,170466,0.2993604175374143,77758,0.13655313873073965,637,0.0011186546641050587,0,0.0
2017.0,Nugaal,392697,9495,88826,0.2261947506601782,63127,0.16075243763003028,8890,0.022638319111172228,0,0.0
2017.0,Bay,792182,39820,169127,0.2134951311693525,214985,0.27138334372656786,5850,0.007384666654884862,0,0.0
2017.0,Awdal,673264,7990,123840,0.18393973240808956,70407,0.10457561966776777,0,0.0,0,0.0
2017.0,Lower Juba,489307,30600,144244,0.2947924309278224,39354,0.08042803393370625,626,0.0012793604015474947,0,0.0
2017.0,Hiraan,520684,51160,117281,0.22524410198892225,130781,0.251171535902774,0,0.0,0,0.0
2017.0,Banadir,1650228,369289,685942,0.41566498689878006,169504,0.10271550355466033,14402,0.00872727889721905,0,0.0
2017.0,Middle Juba,362922,27000,110145,0.30349496586043284,33160,0.09136949537366156,0,0.0,0,0.0
2017.0,Woqooyi Galbeed,1242003,44590,367335,0.2957601551687073,62361,0.05021002364728588,4778,0.0038470116416788043,0,0.0
2017.0,Gedo,508404,76728,207411,0.4079649255316638,13190,0.02594393435142131,887,0.0017446754942919411,0,0.0
2017.0,Togdheer,721364,25760,243181,0.3371127475172035,40378,0.05597451494668434,6337,0.008784746674355803,0,0.0
2017.0,Bari,730148,59646,246581,0.3377137237929844,73322,0.1004207366177816,10194,0.013961553000213655,0,0.0
2017.2465753424658,Awdal,673264,7990,135778,0.20167126119917297,80399,0.11941675182395019,12069,0.0179261032819221,0,0.0
2017.2465753424658,Lower Shabelle,1202222,102970,351708,0.29254829806807725,200254,0.1665699013992424,9930,0.008259705778134155,0,0.0
2017.2465753424658,Sanaag,544123,910,162989,0.2995444044820748,83507,0.1534708145033384,54292,0.09977891028315289,0,0.0
2017.2465753424658,Mudug,717863,70882,111917,0.15590300656253353,283495,0.3949151857666435,3842,0.005351996132966876,0,0.0
2017.2465753424658,Middle Shabelle,516036,51960,134283,0.26022021719414923,70303,0.1362366191506019,0,0.0,0,0.0
2017.2465753424658,Togdheer,721364,25760,187953,0.26055223160568036,140634,0.1949556673191343,6337,0.008784746674355803,0,0.0
2017.2465753424658,Gedo,508404,76728,160708,0.31610294175498227,87291,0.17169613142304152,887,0.0017446754942919411,0,0.0
2017.2465753424658,Woqooyi Galbeed,1242003,44590,438012,0.3526658148168724,114526,0.09221072734928981,7821,0.006297086238922128,0,0.0
2017.2465753424658,Middle Juba,362922,27000,87808,0.24194730548161864,82388,0.22701296697361967,0,0.0,0,0.0
2017.2465753424658,Hiraan,520684,51160,61526,0.11816379992471442,206207,0.3960309900054544,22670,0.04353888346866814,0,0.0
2017.2465753424658,Banadir,1650228,369289,557848,0.3380429855753266,297598,0.1803375048781138,14402,0.00872727889721905,0,0.0
2017.2465753424658,Lower Juba,489307,30600,123524,0.2524468278606274,86346,0.1764658997316613,626,0.0012793604015474947,0,0.0
2017.2465753424658,Bay,792182,39820,198255,0.2502644594297775,171396,0.21635937196250357,159639,0.20151808549045547,0,0.0
2017.2465753424658,Sool,327427,4820,94247,0.2878412592730593,65718,0.20071038735351696,35898,0.10963665183384388,0,0.0
2017.2465753424658,Nugaal,392697,9495,86783,0.22099226630200894,89140,0.22699434933294627,26366,0.06714082358663295,0,0.0
2017.2465753424658,Galgaduud,569434,119768,201204,0.3533403344373536,130889,0.22985806959191057,7474,0.013125313908196561,0,0.0
2017.2465753424658,Bakool,367227,24000,65580,0.17858164023887133,113304,0.3085394047823281,57811,0.15742578840880436,0,0.0
2017.2465753424658,Bari,730148,59646,166282,0.22773739022773465,168151,0.23029714523630826,19865,0.02720681286533689,0,0.0
2017.495890410959,Bakool,367227,24000,50626,0.13786023358848887,93574,0.25481241847685493,77542,0.21115549782559562,0,0.0
2017.495890410959,Gedo,508404,76728,117733,0.2315737090974894,128160,0.2520829891188897,13724,0.026994280139416685,0,0.0
2017.495890410959,Awdal,673264,7990,109122,0.16207906556714752,94986,0.14108284417405356,24140,0.03585517716675776,0,0.0
2017.495890410959,Middle Shabelle,516036,51960,136048,0.263640521203947,64136,0.12428590253393174,0,0.0,0,0.0
2017.495890410959,Sanaag,544123,910,114010,0.20952983057139654,119756,0.22008994289894013,77083,0.1416646603800979,0,0.0
2017.495890410959,Galgaduud,569434,119768,118970,0.20892675885177212,216167,0.3796173042003112,78862,0.1384919059978856,0,0.0
2017.495890410959,Banadir,1650228,369289,357395,0.21657310383777273,306852,0.18594521484303986,136637,0.08279886173304538,0,0.0
2017.495890410959,Sool,327427,4820,75369,0.2301856597043005,95073,0.290363958989332,40611,0.12403069997281836,0,0.0
2017.495890410959,Bay,792182,39820,111453,0.14069115430545,198423,0.2504765319080716,136974,0.17290723596345284,0,0.0
2017.495890410959,Lower Juba,489307,30600,124853,0.2551629140805261,91066,0.18611219541106094,25602,0.0523229792338961,0,0.0
2017.495890410959,Bari,730148,59646,241424,0.33065077217221717,69994,0.09586275659181426,14999,0.02054241057977287,0,0.0
2017.495890410959,Hiraan,520684,51160,86409,0.16595286200459397,182102,0.3497361163392768,66199,0.1271385331602277,0,0.0
2017.495890410959,Togdheer,721364,25760,151281,0.2097152061927127,176500,0.2446753650029666,45706,0.06336052256558408,0,0.0
2017.495890410959,Nugaal,392697,9495,89097,0.22688485015164364,44415,0.11310246831526596,23891,0.06083825443026048,0,0.0
2017.495890410959,Mudug,717863,70882,153973,0.21448800119242808,215183,0.29975496717340216,60941,0.08489224267025881,0,0.0
2017.495890410959,Woqooyi Galbeed,1242003,44590,432781,0.3484540697566753,111685,0.08992329326096636,32661,0.026297037929860073,0,0.0
2017.495890410959,Lower Shabelle,1202222,102970,289942,0.24117176361770123,192491,0.16011269133321465,9930,0.008259705778134155,0,0.0
2017.495890410959,Middle Juba,362922,27000,105372,0.2903433795691636,43959,0.12112520045629639,0,0.0,0,0.0
2017.7479452054795,Gedo,508404,76728,156875,0.3085636619696147,87520,0.17214656060927924,7562,0.014873997844234113,0,0.0
2017.7479452054795,Lower Shabelle,1202222,102970,340335,0.28308831480375507,134032,0.1114868967628275,0,0.0,0,0.0
2017.7479452054795,Mudug,717863,70882,150800,0.2100679377541397,220963,0.3078066427716709,54520,0.07594763903418897,0,0.0
2017.7479452054795,Togdheer,721364,25760,202345,0.28050332425793356,125434,0.17388447441236324,45706,0.06336052256558408,0,0.0
2017.7479452054795,Woqooyi Galbeed,1242003,44590,438360,0.35294600737679377,114222,0.09196596143487576,35704,0.028747112527103397,0,0.0
2017.7479452054795,Middle Juba,362922,27000,98342,0.27097282611690665,29554,0.0814334760637272,0,0.0,0,0.0
2017.7479452054795,Banadir,1650228,369289,357395,0.21657310383777273,306852,0.18594521484303986,136637,0.08279886173304538,0,0.0
2017.7479452054795,Bari,730148,59646,239097,0.3274637470759353,79018,0.10822189473914877,24670,0.033787670444896105,0,0.0
2017.7479452054795,Hiraan,520684,51160,107651,0.20674919913037465,155512,0.2986686742822902,58470,0.11229459710688248,0,0.0
2017.7479452054795,Bay,792182,39820,120197,0.1517290218661873,245603,0.31003355289567297,79609,0.10049332097926991,0,0.0
2017.7479452054795,Sool,327427,4820,82863,0.2530732041035101,98071,0.29952019839536753,45107,0.13776200496599242,0,0.0
2017.7479452054795,Nugaal,392697,9495,70398,0.17926798524052895,72555,0.18476076975377964,34212,0.0871206044354808,0,0.0
2017.7479452054795,Galgaduud,569434,119768,110028,0.1932234464397981,211796,0.3719412609714207,73157,0.12847318565452712,0,0.0
2017.7479452054795,Bakool,367227,24000,50626,0.13786023358848887,113460,0.3089642101479466,57657,0.15700642926582195,0,0.0
2017.7479452054795,Sanaag,544123,910,132533,0.24357176594262694,127192,0.2337559706169377,88169,0.16203873021357304,0,0.0
2017.7479452054795,Middle Shabelle,516036,51960,163234,0.31632289220131926,45535,0.08823996775418769,0,0.0,0,0.0
2017.7479452054795,Awdal,673264,7990,131248,0.19494284559994296,105043,0.15602052092492694,36208,0.05377979514722308,0,0.0
2017.7479452054795,Lower Juba,489307,30600,131220,0.26817519471415696,67242,0.1374229267106336,25602,0.0523229792338961,0,0.0
2018.0,Woqooyi Galbeed,1242003,44590,369925,0.29784549634743235,171921,0.13842237096045662,14525,0.011694818772579454,0,0.0
2018.0,Middle Juba,362922,27000,61990,0.1708080524189771,16342,0.04502895939072307,0,0.0,0,0.0
2018.0,Banadir,1650228,369289,235188,0.1425184883543365,165718,0.10042127512077119,33236,0.020140247287041547,0,0.0
2018.0,Hiraan,520684,51160,103393,0.19857149441887978,112218,0.2155203539958977,17670,0.03393613016724155,0,0.0
2018.0,Bari,730148,59646,211599,0.2898028892772424,45722,0.06262018111396593,2450,0.0033554840936358106,0,0.0
2018.0,Lower Juba,489307,30600,92424,0.18888754912560007,66042,0.13497047865654896,3723,0.00760872008779764,0,0.0
2018.0,Awdal,673264,7990,159361,0.23669912545450225,68330,0.10149064854202809,24140,0.03585517716675776,0,0.0
2018.0,Nugaal,392697,9495,64804,0.16502290570083294,39931,0.10168399554873095,0,0.0,0,0.0
2018.0,Galgaduud,569434,119768,132383,0.2324817274697331,155411,0.2729218838355279,1770,0.003108349694609033,0,0.0
2018.0,Bakool,367227,24000,81565,0.22211057465818146,41628,0.11335767794851685,0,0.0,0,0.0
2018.0,Sanaag,544123,910,114787,0.2109578165231023,119430,0.21949081365794132,36564,0.06719804161926624,0,0.0
2018.0,Middle Shabelle,516036,51960,94099,0.18234968103000565,0,0.0,0,0.0,0,0.0
2018.0,Bay,792182,39820,183526,0.23167150982981183,77036,0.0972453299873009,2274,0.0028705524740526797,0,0.0
2018.0,Sool,327427,4820,74305,0.22693608040876287,74615,0.22788285633133493,27002,0.0824672369719052,0,0.0
2018.0,Mudug,717863,70882,179750,0.2503959669184789,138822,0.19338230275136065,463,0.0006449698619374449,0,0.0
2018.0,Togdheer,721364,25760,244301,0.33866536173138667,68892,0.09550240932455736,16352,0.02266816752707371,0,0.0
2018.0,Lower Shabelle,1202222,102970,283314,0.23565863875390736,103865,0.08639419341852005,0,0.0,0,0.0
2018.0,Gedo,508404,76728,106970,0.21040353734431672,1945,0.003825697673503749,311,0.0006117182398250211,0,0.0
2018.2465753424658,Awdal,673264,7990,129244,0.1919663014805485,106143,0.15765435252738896,70407,0.10457561966776777,0,0.0
2018.2465753424658,Middle Shabelle,516035,51960,163235,0.31632544304165416,0,0.0,0,0.0,0,0.0
2018.2465753424658,Sanaag,544123,910,114661,0.2107262512336365,155387,0.2855732986843048,77847,0.143068754674954,0,0.0
2018.2465753424658,Bakool,367227,24000,80056,0.2180013996792175,74276,0.20226181626078693,0,0.0,0,0.0
2018.2465753424658,Galgaduud,569434,119768,83267,0.1462276576389889,226350,0.39749997365805345,37152,0.0652437332509123,0,0.0
2018.2465753424658,Nugaal,392697,9495,70998,0.18079588079358894,75786,0.19298848730700768,27059,0.06890554295041725,0,0.0
2018.2465753424658,Togdheer,721364,25760,188978,0.26197315086419615,112675,0.15619714873489668,29868,0.041404894061805135,0,0.0
2018.2465753424658,Lower Juba,489307,30600,104946,0.21447884456997346,68921,0.14085431027964038,8606,0.017588139961210447,0,0.0
2018.2465753424658,Bari,730148,59646,237569,0.325371020669782,66523,0.09110892586160614,27715,0.037958057818414895,0,0.0
2018.2465753424658,Hiraan,520684,51160,95873,0.1841289534535342,127280,0.24444768804111514,38069,0.07311344308640173,0,0.0
2018.2465753424658,Banadir,1650228,369289,235188,0.1425184883543365,221111,0.13398815194021674,48008,0.02909173762655827,0,0.0
2018.2465753424658,Middle Juba,362922,27000,75198,0.20720154743994576,13316,0.03669107962592513,3718,0.010244625566926227,0,0.0
2018.2465753424658,Woqooyi Galbeed,1242003,44590,274861,0.2213046184268476,273211,0.21997611922032395,33725,0.027153718630309267,0,0.0
2018.2465753424658,Gedo,508403,76728,173277,0.34082607695076544,15504,0.030495492748862613,544,0.001070017289433776,0,0.0
2018.2465753424658,Bay,792182,39820,161235,0.2035327740342497,222701,0.28112352969393395,3514,0.004435849337652206,0,0.0
2018.2465753424658,Sool,327427,4820,77832,0.23770794711492943,95939,0.2930088233407752,42037,0.12838586921664982,0,0.0
2018.2465753424658,Lower Shabelle,1202222,102970,315280,0.26224773793858375,171260,0.14245289139609824,9930,0.008259705778134155,0,0.0
2018.2465753424658,Mudug,717863,70882,126960,0.1768582584699309,203196,0.28305679495948394,35953,0.0500833724540755,0,0.0
2018.495890410959,Awdal,673265,26000,121323,0.18020096098861518,150476,0.22350189004329649,0,0.0,0,0.0
2018.495890410959,Sanaag,544123,92000,113928,0.209379129351268,80640,0.1482017852581126,0,0.0,0,0.0
2018.495890410959,Bakool,367228,48000,97147,0.2645413748406984,28842,0.078539762763188,0,0.0,0,0.0
2018.495890410959,Galgaduud,569433,144000,184101,0.32330581473149606,99565,0.17484936770436557,921,0.001617398359420687,307,0.0005391327864735623
2018.495890410959,Nugaal,392697,60000,90232,0.22977511923951546,27945,0.07116173538376916,0,0.0,0,0.0
2018.495890410959,Sool,327428,233000,62123,0.18973026130935655,140218,0.42824071246197637,0,0.0,0,0.0
2018.495890410959,Bay,792183,272000,246497,0.3111616886502235,136824,0.17271766750864384,7380,0.009316029250817046,0,0.0
2018.495890410959,Lower Juba,489308,165000,97141,0.19852730795327278,81998,0.16757952046563718,11470,0.02344126807654892,0,0.0
2018.495890410959,Middle Shabelle,516036,51000,114398,0.22168608391662598,11124,0.021556635583563938,0,0.0,0,0.0
2018.495890410959,Hiraan,520687,78000,100596,0.19319860107895914,65624,0.12603349036945422,14832,0.02848544327014118,1921,0.0036893565616195525
2018.495890410959,Banadir,1650228,497000,455888,0.2762575838005415,188667,0.11432783833506643,29820,0.018070230295450084,4970,0.0030117050492416805
2018.495890410959,Middle Juba,362922,40000,94111,0.25931467367643735,27462,0.07566915204920066,0,0.0,0,0.0
2018.495890410959,Woqooyi Galbeed,1242002,117000,298122,0.24003342989785845,265961,0.2141389466361568,7929,0.006384047690744459,5947,0.004788237055978976
2018.495890410959,Gedo,508403,207000,124077,0.24405245445050483,44989,0.08849082322488262,5170,0.010169098136714377,0,0.0
2018.495890410959,Togdheer,721363,126000,254748,0.3531481376228057,63860,0.08852685818374383,5828,0.00807915016434167,2590,0.003590425347571195
2018.495890410959,Mudug,717863,155000,206415,0.28754093747692805,113702,0.15838955343846944,0,0.0,0,0.0
2018.495890410959,Lower Shabelle,1202221,139000,341540,0.2840908618298965,0,0.0,0,0.0,0,0.0
2018.495890410959,Bari,730147,198000,199675,0.2734723281750113,108366,0.14841668869419444,32103,0.043967858527118514,1396,0.0019119437592703935
2018.7479452054795,Sanaag,544123,92000,139556,0.25647877410070885,86490,0.15895303084045334,1034,0.0019003056294256996,0,0.0
2018.7479452054795,Bakool,367228,48000,80782,0.21997777947215355,20296,0.055268116810265014,0,0.0,0,0.0
2018.7479452054795,Galgaduud,569433,144000,203108,0.35668463190577293,80560,0.14147406279579863,921,0.001617398359420687,307,0.0005391327864735623
2018.7479452054795,Nugaal,392697,60000,105378,0.26834429598392656,29525,0.07518519367349381,0,0.0,0,0.0
2018.7479452054795,Sool,327428,233000,79894,0.244004788839073,134314,0.4102092673809204,0,0.0,0,0.0
2018.7479452054795,Bay,792183,272000,261166,0.3296788747044559,101185,0.12772932516855323,7380,0.009316029250817046,0,0.0
2018.7479452054795,Lower Juba,489308,165000,80261,0.1640296091623272,77318,0.15801499260179683,11470,0.02344126807654892,0,0.0
2018.7479452054795,Woqooyi Galbeed,1242002,117000,400742,0.3226580955586223,151856,0.12226711390158793,16677,0.01342751460947728,5947,0.004788237055978976
2018.7479452054795,Hiraan,520687,78000,114134,0.21919886611342324,40606,0.07798543078663381,10566,0.020292421358704942,1921,0.0036893565616195525
2018.7479452054795,Banadir,1650228,497000,455888,0.2762575838005415,188667,0.11432783833506643,29820,0.018070230295450084,4970,0.0030117050492416805
2018.7479452054795,Middle Juba,362922,40000,93375,0.2572866897019194,9286,0.025586765200235864,0,0.0,0,0.0
2018.7479452054795,Gedo,508403,207000,108822,0.21404673064478377,29638,0.05829627283867326,5170,0.010169098136714377,0,0.0
2018.7479452054795,Togdheer,721363,126000,218449,0.3028281184369035,49179,0.06817510740085089,5828,0.00807915016434167,2590,0.003590425347571195
2018.7479452054795,Mudug,717863,155000,227155,0.3164322440354218,93132,0.12973506086816008,0,0.0,0,0.0
2018.7479452054795,Middle Shabelle,516036,51000,67916,0.13161097287786122,5603,0.010857769612972738,0,0.0,0,0.0
2018.7479452054795,Bari,730147,198000,168133,0.23027280807837325,169574,0.2322463832625485,32103,0.043967858527118514,1396,0.0019119437592703935
2018.7479452054795,Awdal,673265,26000,149488,0.22203441438363794,120816,0.17944791426852724,35669,0.05297913897202439,0,0.0
2018.7479452054795,Lower Shabelle,1202221,139000,123157,0.10244123168701927,0,0.0,0,0.0,0,0.0
2019.0,Awdal,673265,26000,174618,0.2593599845528878,146611,0.21776120843947033,23774,0.03531150438534604,0,0.0
2019.0,Mudug,717863,155000,233784,0.32566659655115254,59996,0.08357583550064566,0,0.0,0,0.0
2019.0,Togdheer,721363,126000,298112,0.41326211629928344,95751,0.13273622295571022,6475,0.008976063368927988,0,0.0
2019.0,Gedo,508403,207000,65585,0.12900199251381286,17419,0.03426218964089511,4700,0.009244634669740345,0,0.0
2019.0,Woqooyi Galbeed,1242002,117000,485654,0.3910251352252251,153405,0.12351429385781987,5832,0.0046956446124885465,0,0.0
2019.0,Middle Juba,362922,40000,65405,0.18021778784421996,6000,0.016532478053135385,0,0.0,0,0.0
2019.0,Banadir,1650228,497000,536807,0.325292626231042,49700,0.030117050492416805,24850,0.015058525246208402,0,0.0
2019.0,Hiraan,520687,78000,100038,0.1921269399850582,42960,0.08250638099280373,0,0.0,0,0.0
2019.0,Bari,730147,198000,275686,0.3775760223626201,79630,0.10906023033717868,6979,0.00955834920913186,0,0.0
2019.0,Lower Shabelle,1202221,139000,99881,0.08308039869541457,25687,0.02136628789548677,0,0.0,0,0.0
2019.0,Bay,792183,272000,183881,0.2321193461611774,102536,0.1294347391953627,12300,0.01552671541802841,0,0.0
2019.0,Sool,327428,233000,152782,0.4666125071771504,70778,0.216163553514055,0,0.0,0,0.0
2019.0,Nugaal,392697,60000,120572,0.30703570437258243,31299,0.07970267152537452,0,0.0,0,0.0
2019.0,Galgaduud,569433,144000,226563,0.3978747280189241,30067,0.05280164655016481,0,0.0,0,0.0
2019.0,Bakool,367228,48000,62669,0.17065419848159727,14606,0.039773655603603214,0,0.0,0,0.0
2019.0,Sanaag,544123,92000,295950,0.5439027572809825,77862,0.143096321971319,739,0.0013581488009144992,0,0.0
2019.0,Middle Shabelle,516036,51000,68670,0.13307211124805246,12261,0.023759970234634793,0,0.0,0,0.0
2019.0,Lower Juba,489308,165000,121050,0.24739019186279398,26772,0.05471400426725089,6510,0.013304503502906144,0,0.0
2019.2465753424658,Middle Shabelle,516036,51000,68670,0.13307211124805246,12261,0.023759970234634793,0,0.0,0,0.0
2019.2465753424658,Sanaag,544123,92000,245020,0.45030259702309955,116078,0.21333044183024794,949,0.0017440909500241674,0,0.0
2019.2465753424658,Bakool,367228,48000,57805,0.15740902109860905,19471,0.053021556090494186,0,0.0,0,0.0
2019.2465753424658,Galgaduud,569433,144000,204526,0.3591748282941101,45692,0.08024122240895769,1535,0.0026956639323678115,0,0.0
2019.2465753424658,Nugaal,392697,60000,98472,0.25075821816820604,38858,0.098951609001342,0,0.0,0,0.0
2019.2465753424658,Sool,327428,233000,132692,0.40525550655411263,99111,0.3026955544425034,0,0.0,0,0.0
2019.2465753424658,Bay,792183,272000,147550,0.18625746828699935,175767,0.221876763323626,12300,0.01552671541802841,0,0.0
2019.2465753424658,Lower Juba,489308,165000,123187,0.2517575841801074,46332,0.09468882585201958,10860,0.02219460953019366,0,0.0
2019.2465753424658,Middle Juba,362922,40000,68730,0.18937953609866584,6000,0.016532478053135385,0,0.0,0,0.0
2019.2465753424658,Hiraan,520687,78000,100038,0.1921269399850582,53187,0.10214773942886994,0,0.0,0,0.0
2019.2465753424658,Banadir,1650228,497000,536807,0.325292626231042,99400,0.06023410098483361,49700,0.030117050492416805,0,0.0
2019.2465753424658,Woqooyi Galbeed,1242002,117000,480063,0.38652353216822516,191796,0.15442487210165523,13337,0.010738307989842207,0,0.0
2019.2465753424658,Gedo,508403,207000,53835,0.105890405839462,24469,0.048129141645505635,4700,0.009244634669740345,0,0.0
2019.2465753424658,Togdheer,721363,126000,282363,0.39142983490974725,122712,0.17011130318577472,6475,0.008976063368927988,0,0.0
2019.2465753424658,Mudug,717863,155000,219210,0.30536467264645206,84530,0.1177522730660307,0,0.0,0,0.0
2019.2465753424658,Awdal,673265,26000,194374,0.2887035565490557,142093,0.21105062642495898,31698,0.04708101564762761,0,0.0
2019.2465753424658,Bari,730147,198000,263255,0.3605506836294609,112980,0.15473596412777152,6979,0.00955834920913186,0,0.0
2019.2465753424658,Lower Shabelle,1202221,139000,108816,0.09051247649142712,25687,0.02136628789548677,0,0.0,0,0.0
2019.495890410959,Lower Shabelle,1202221,139000,340882,0.2835435414952825,54247,0.04512231944043566,17888,0.014879127880813928,0,0.0
2019.495890410959,Awdal,673265,26000,272748,0.4051124000207942,40487,0.06013531076173572,21121,0.03137100547332774,0,0.0
2019.495890410959,Mudug,717863,155000,213441,0.2973283203062423,59553,0.08295872610790639,7925,0.0110397109197716,0,0.0
2019.495890410959,Togdheer,721363,126000,260246,0.36076982046487,81749,0.1133257458450184,6233,0.00864058733259122,0,0.0
2019.495890410959,Gedo,508403,207000,228845,0.4501251959567508,24807,0.04879396856430824,6471,0.012728091691040375,0,0.0
2019.495890410959,Woqooyi Galbeed,1242002,117000,558487,0.4496667477186027,49978,0.04023987078925799,12968,0.010441207018990307,0,0.0
2019.495890410959,Banadir,1650228,497000,206761,0.1252923838402936,64610,0.039152165640141845,24850,0.015058525246208402,0,0.0
2019.495890410959,Hiraan,520687,78000,130576,0.25077637813119974,89243,0.17139471505914303,5942,0.011411846272328673,0,0.0
2019.495890410959,Bari,730147,198000,211291,0.28938145332378273,34567,0.04734252143746396,7005,0.009593958476854661,0,0.0
2019.495890410959,Middle Juba,362922,40000,83603,0.2303607937793796,48763,0.13436220455084014,934,0.0025735557502714083,0,0.0
2019.495890410959,Bay,792183,272000,160224,0.20225629684050275,134747,0.17009579857179466,27815,0.03511183653272034,0,0.0
2019.495890410959,Sool,327428,233000,109787,0.33530119598812563,68009,0.2077067324724825,13748,0.041987856872350564,0,0.0
2019.495890410959,Nugaal,392697,60000,95299,0.24267819718510708,20234,0.051525731034359826,3478,0.008856701222571092,0,0.0
2019.495890410959,Galgaduud,569433,144000,223389,0.39230076233727235,37075,0.06510862559774372,2568,0.004509749171544326,0,0.0
2019.495890410959,Bakool,367228,48000,122823,0.334459790647772,36514,0.09943141590510528,8519,0.023198122147548662,0,0.0
2019.495890410959,Sanaag,544123,92000,157908,0.2902064422933785,60573,0.1113222561810473,23187,0.042613526720980364,0,0.0
2019.495890410959,Middle Shabelle,516036,51000,157547,0.3053023432473703,23783,0.046087869838538395,5038,0.009762884759977986,0,0.0
2019.495890410959,Lower Juba,489308,165000,76799,0.15695431098612736,52331,0.10694899735953632,20145,0.04117038756774874,0,0.0
2019.7479452054795,Bay,792183,272000,218506,0.2758276812302208,196086,0.2475261397934568,70314,0.08875979413847558,0,0.0
2019.7479452054795,Middle Shabelle,516036,51000,191474,0.37104775635808357,38898,0.07537846196776969,10076,0.019525769519955972,0,0.0
2019.7479452054795,Sanaag,544123,92000,188366,0.34618275647234176,93286,0.17144285391354527,46018,0.08457278960823196,0,0.0
2019.7479452054795,Bakool,367228,48000,117222,0.31920768568845515,30425,0.08285043624124522,25560,0.06960253575435424,0,0.0
2019.7479452054795,Galgaduud,569433,144000,283653,0.4981323527087471,57144,0.10035245586399102,5135,0.009017742210233689,0,0.0
2019.7479452054795,Nugaal,392697,60000,114736,0.2921743736264856,41942,0.10680499214407037,6957,0.017715948937730618,0,0.0
2019.7479452054795,Sool,327428,233000,110986,0.3389630697435772,108347,0.33090328255372176,27442,0.08381079199091097,0,0.0
2019.7479452054795,Lower Juba,489308,165000,93767,0.1916318556001537,92000,0.18802063322079346,33681,0.06883394508162548,0,0.0
2019.7479452054795,Mudug,717863,155000,238265,0.33190873467500065,85964,0.1197498687075389,16397,0.022841405672112923,0,0.0
2019.7479452054795,Hiraan,520687,78000,144489,0.2774968455137155,106267,0.20408998112109578,11876,0.02280832822789891,0,0.0
2019.7479452054795,Banadir,1650228,497000,330529,0.20029292921947756,149100,0.09035115147725041,49700,0.030117050492416805,0,0.0
2019.7479452054795,Middle Juba,362922,40000,90411,0.24911964554367055,69504,0.1915122257675203,1868,0.005147111500542817,0,0.0
2019.7479452054795,Woqooyi Galbeed,1242002,117000,504987,0.40659113270349,177163,0.14264308753126,22630,0.018220582575551408,0,0.0
2019.7479452054795,Gedo,508403,207000,336842,0.6625491981754632,38334,0.07540081392123965,9305,0.018302409702539126,0,0.0
2019.7479452054795,Togdheer,721363,126000,273947,0.3797630319270603,102933,0.14269237540600224,11459,0.015885206199929856,0,0.0
2019.7479452054795,Lower Shabelle,1202221,139000,495590,0.41222870004766177,107904,0.08975388052612623,35772,0.029754928586341448,0,0.0
2019.7479452054795,Bari,730147,198000,237024,0.32462504125881503,71016,0.09726260602317068,14019,0.019200243238690292,0,0.0
2019.7479452054795,Awdal,673265,26000,264601,0.39301166702561396,86933,0.12912151975819328,38856,0.05771278768389861,0,0.0
